HashOwner,HashApp,HashFunction,Trigger,1,2,3,4,5,6,7,8,9,10
67273e89acc518f0a9cb5209c376641eb054477a3c73099943cd96e95f448c13,2263012d1c5f3ba8233361fa3645d05e11511a940c28bfc1904b951b741f6b04,0ad21204951cd4a12368a80562c04a45d1c2e550ca81cbd58f12eb383c04e60d,http,1,3,0,0,3,0,0,2,0,0
2037bdb3997184758721e769ec2bc74ab5ca9000069bdc159d90d58ccac2755d,b95ae263256d9a255e72791a06c08a4a0c8660cd8558d040c6de9526dfe7afa2,86a0a0b1079f267374f550f74f4acee29ab8f68921ad79d1c57f366b145d1fdc,http,5,0,3,1,0,2,4,0,2,0
a9df49675516a56675cf6e6ab1007a9110527af5c3140da394e0bc1a9ceb0281,9e7e729d2ff578df4354f0bd98c29be37f202fc2401f9f334a4f7eb67ddb14ff,21facd10efb6db8cf5d8dd9a67f60e0e22f207b2b3edb6ae917d1dd6b2a22561,queue,0,0,0,1,0,0,0,3,0,0
14b8a24a307cdab49f361a4ec0873c31056319b9a47f8990ef77c0e36db6ff87,cb3dfb67e388b16a20d23fd9d68faea63e2069682e239a93169fe7e681fc2864,6aca706219eeadc12e46870c6230307e7fed1931697b68bcff75fa555ea00287,timer,2,1,0,1,0,4,0,0,0,0
d2150a895837e8980b8b2743d61517903b52c86aa8f526f4ca153db71cbad0aa,4c0ac221bc7429378158583ef086b6820e321e49091cc20c0421a11b0cfd80ab,982de33cf9708c6eb33ed85e46e4e828f04ad599a2ad8297845b33db044c375d,http,0,0,2,0,0,0,0,0,3,0
281ab367b7fece7a24eed8585a4157f691f59c717f9a85c323c7d1779953ed78,4ceaa6cf72a3f5624cc2168b4f782e1ebccdea96e654355993e1a6607f838815,2264f4243733ec64c2f02d8b1b92dae64899a8e2c0d786f08b23755358864b2d,timer,4,0,0,0,1,0,0,3,0,0
77a3fe62c535a9c6339c3e68445d2d90701686dee67f799a9c6a642cb64b5408,d95dc4e99b955efccc18b19aa2175db1a0774b657e2f14a6a75e0228c9c6306e,060bc3237794429be90e8df5c02c4781f13c90f12c973fc911113c17639477f4,http,0,0,1,1,0,1,0,0,4,0
486e10ac87f2c7495ab672094483c49e935e6f7e19b2b9b7157be7f9f949244c,96e337dde49725fe67c5b37b52836c853f2cc4e8fcc76a350a39035f3e8dfd98,38734160d041d90d3fa5f06722525c7eec2bb5852231f899a05c188070d81c57,queue,0,2,0,0,3,0,0,0,0,0
74c874f5cc62272134d6a26ab093a690f01a6a31d36a2d1aaad66bf2899137c2,e362c98798cd9194c45b1278196db9811afe0bbc44a71ab05fd40e610096e4c1,12c184c55dac01ec5a141c19c2720a7255c92487aed1cc7c53fbab8f4cd4d41c,timer,0,1,0,1,0,0,2,0,0,2
bbb6ced0a4a3c055101da9f4c5fb041d015ccde9f5a3ba7f0fa5a0e7967327d7,69ef4a82df841d3f10cf5c3024cef35a8640aa9895c32a7f86a97dc477718af6,1b1d45f95f61006d5196c5618e3c1d3b820c8c6bd4a7f320a9756b42bf8843b9,timer,0,0,2,1,0,4,0,0,0,0
e09dcedc68bc6b464f8f96cbd9e689e3572f59492990e04a095439e45c0401de,7adda98733fc48bcb35ad3cf0e15609d70b3db9155b1fc2d4a20d60b2712575f,ed5b5c1358221bd1669706f00ed7c7cdec652921b2a6ce4e9b5c47bf1cf20851,http,2,0,0,0,0,0,0,0,4,0
2648e2ff3476c91ad9689efba90e71a2d9f8c47999822fae7b886c2cc5d9904f,f756e07f2c419ea90bc77e126b0a24696db7670de70750054c2eade4ae893a4d,ffa831bf50c8486bcdc277e0c4f7afe60ab91fad86e1eda9050294ec6e5d78b3,orchestration,1,0,0,2,0,0,0,1,0,2
2cdf4258ef9e780ee1317411f8623cdf6fb638f8817578a1a317350058f43665,cb05703a37781788ae0ad512ffdd47709e13b64081720434252ef93855f4f728,cb7efd3855de58d20faa9961c0dcc945ed89df678722f07f80c4c6548e813a79,timer,0,0,1,0,0,0,0,0,0,0
be23676e4744bfc41596467eaec946b0dbdf31216b0511e6d571511f74e69309,91a2ee41913b269f2a889dcad74f71c4a163378e8dd586db3e4a498e3a9e6db2,55b9e7c64891e75beab1a7ba6085a0fae551a0e8cbebffb15a9695a5141d4b84,http,0,1,0,1,0,4,0,1,0,0
78661b447b994c45863eb12a3f6612fe21a4699c2615af14b9b3e7c0df2968db,a753473b245027f7117e9aac34b36e685db1edb657d27c85e7370509371de158,fb04d000d0a952dc6ccfd63c76c3f429c5f49f441629db7c6846b6d232ea4799,timer,0,0,1,0,1,0,0,1,0,0
3ea8ffd3db44e2108022690e6455c9b165c5d6f95eeb1f42339d70bf0e3be43c,42bf2edc7ab0ee3b6513dbbbb671bbf366245d01b31c55212677f91c580d065b,0f5997302afc76794b63680cd50863d965fac14dd083ec16f594c1ec2f2c2f8e,http,0,1,0,0,1,0,0,0,4,0
0ecf7c8de89512e341909caa79415c3153fee227a8b8045f0ca93af9db5557ef,7b50f3569c7eb384b7c8bb161fe1d1fa7ed641892b1dbcb4954888636ff73726,96fa7fd7200f1cfe52ad35e45c7299266f6a62e5e2e06ec9286bae51cd9f1d22,orchestration,4,0,0,0,0,0,2,0,0,1
adae71ec29571fd4a1fcca81fdb06d2f7908d7afddcde8e43be5e4226e279ec6,4c019718eb3047e95a521b3e9e46e6644f2facd7709343b5840ebae0e23a015b,a89ee714ff4c70509632190755126e1a31f5f8b285ceec02778de55b74a60853,queue,0,0,3,3,0,0,0,0,4,0
12a9c796fc986900909687d1f89a48a25d0a50c6c13a3afdb5329e82730254cf,0af6028be17070c761e6dfd753e65a9dc5ef775ec3bc497f5bf8373622870f93,d458d8e5a89f7d8105d2ad0e93b397ec42ed8379ab0fe4b242f87efc70acb608,http,0,2,0,0,0,4,0,2,0,0
d3de06548e56163b1cda9fad96342c7b32f07345e787f08e9df255ad168fe130,1befb8ad54b98da50cc466e85c45dc956eacdbd1121944d9afb8b1dc8e4f1967,de8b737ce0ad657fb604308138acbf9789ae3d9a34e554b19fada06be6c98a60,orchestration,1,0,3,3,4,0,1,0,0,1
